{
    "minuteRes": 1,
    "data": [
        [0.0, 0.028999999999996362, 0.057999999999992724, 0.08600000000001273, 0.1150000000000091, 0.14400000000000546, 0.17300000000000182, 0.2009999999999934, 0.2300000000000182, 0.25900000000001455, 0.28700000000000614, 0.3160000000000025, 0.34499999999999886, 0.3739999999999952, 0.3760000000000048, 0.37700000000000955, 0.3780000000000143, 0.3790000000000191, 0.37999999999999545, 0.3810000000000002, 0.41100000000000136, 0.4399999999999977, 0.46999999999999886, 0.5, 0.5289999999999964, 0.5589999999999975, 0.5889999999999986, 0.6189999999999998, 0.6479999999999961, 0.6779999999999973],
        [0.0, 0.016000000000005343, 0.031999999999996476, 0.04800000000000182, 0.06400000000000716, 0.0799999999999983, 0.09600000000000364, 0.11199999999999477, 0.1280000000000001, 0.14400000000000546, 0.1599999999999966, 0.17600000000000193, 0.19200000000000728, 0.2079999999999984, 0.22400000000000375, 0.2259999999999991, 0.23000000000000398, 0.2330000000000041, 0.23699999999999477, 0.23799999999999955, 0.24200000000000443, 0.24399999999999977, 0.24899999999999523, 0.2510000000000048, 0.2540000000000049, 0.2560000000000002, 0.25799999999999557, 0.30800000000000693, 0.33800000000000807, 0.382000000000005, 0.38800000000000523],
        [0.0, 0.01300000000000523, 0.045000000000001705, 0.08299999999999841, 0.15000000000000568, 0.17300000000000182, 0.18299999999999272, 0.18599999999999284, 0.18899999999999295, 0.19199999999999307, 0.19599999999999795, 0.19899999999999807, 0.20399999999999352, 0.20600000000000307, 0.2079999999999984, 0.2120000000000033, 0.21399999999999864, 0.2189999999999941, 0.2219999999999942, 0.22400000000000375, 0.2259999999999991, 0.23099999999999454, 0.23199999999999932, 0.24399999999999977, 0.2740000000000009, 0.31399999999999295, 0.347999999999999, 0.36599999999999966, 0.36700000000000443, 0.367999999999995, 0.3689999999999998, 0.37000000000000455],
        [0.0, 0.005000000000009663, 0.020000000000010232, 0.05100000000000193, 0.11400000000000432, 0.1490000000000009, 0.2190000000000083, 0.24800000000000466, 0.26200000000000045, 0.26400000000001, 0.26900000000000546, 0.27300000000001035, 0.27599999999999625, 0.28000000000000114, 0.2810000000000059, 0.28700000000000614, 0.2890000000000015, 0.29300000000000637, 0.2950000000000017, 0.29999999999999716, 0.3020000000000067, 0.3050000000000068, 0.30800000000000693, 0.3100000000000023, 0.31400000000000716, 0.3160000000000025, 0.3440000000000083, 0.3780000000000001, 0.44599999999999795, 0.47400000000000375, 0.487000000000009, 0.48799999999999955, 0.4890000000000043, 0.4900000000000091, 0.49099999999999966],
        [0.0, 0.000999999999990564, 0.0030000000000001137, 0.007999999999995566, 0.009999999999990905, 0.012000000000000455, 0.04999999999999716, 0.08699999999998909, 0.15899999999999181, 0.1910000000000025, 0.25199999999999534, 0.3119999999999976, 0.3259999999999934, 0.32799999999998875, 0.33199999999999363, 0.33499999999999375, 0.340999999999994, 0.3429999999999893, 0.34499999999999886, 0.3499999999999943, 0.3539999999999992, 0.35599999999999454, 0.35899999999999466, 0.3649999999999949, 0.3669999999999902, 0.36999999999999034, 0.3739999999999952, 0.37599999999999056, 0.37699999999999534, 0.37999999999999545, 0.38400000000000034, 0.43599999999999284, 0.4719999999999942, 0.5489999999999924, 0.5829999999999984, 0.5999999999999943, 0.6009999999999991, 0.6019999999999897, 0.6029999999999944],
        [0.0, 0.0010000000000047748, 0.0020000000000095497, 0.0030000000000001137, 0.02600000000001046, 0.05900000000001171, 0.1290000000000049, 0.16800000000000637, 0.23700000000000898, 0.2710000000000008, 0.3240000000000123, 0.32900000000000773, 0.3340000000000032, 0.33600000000001273, 0.3400000000000034, 0.3430000000000035, 0.34499999999999886, 0.3500000000000085, 0.35200000000000387, 0.35600000000000875, 0.3610000000000042, 0.362000000000009, 0.3640000000000043, 0.3680000000000092, 0.3710000000000093, 0.3760000000000048, 0.3780000000000001, 0.3790000000000049, 0.3810000000000002, 0.39700000000000557, 0.4590000000000032, 0.4939999999999998, 0.5570000000000022, 0.5690000000000026, 0.5700000000000074, 0.5710000000000122, 0.5720000000000027, 0.5730000000000075],
        [0.0, 0.000999999999990564, 0.02199999999999136, 0.055999999999997385, 0.07299999999999329, 0.11199999999999477, 0.1349999999999909, 0.1880000000000024, 0.21599999999999397, 0.23799999999999955, 0.2389999999999901, 0.23999999999999488, 0.24099999999999966, 0.24199999999999022, 0.242999999999995, 0.24399999999999977, 0.24499999999999034, 0.2459999999999951, 0.2469999999999999, 0.24799999999999045, 0.24899999999999523, 0.25, 0.25099999999999056, 0.25199999999999534, 0.2530000000000001, 0.2539999999999907, 0.25499999999999545, 0.2560000000000002, 0.2569999999999908, 0.25799999999999557, 0.2609999999999957, 0.29299999999999216, 0.32200000000000273, 0.375, 0.39699999999999136, 0.4200000000000017, 0.44299999999999784, 0.4939999999999998, 0.546999999999997, 0.570999999999998, 0.5949999999999989, 0.6199999999999903, 0.6439999999999912, 0.6679999999999922, 0.7079999999999984, 0.722999999999999],
        [0.0, 0.34199999999998454, 0.3429999999999893, 0.3439999999999941, 0.34499999999999886, 0.34600000000000364, 0.3470000000000084, 0.34799999999998477, 0.34899999999998954, 0.3499999999999943, 0.3509999999999991, 0.35200000000000387, 0.35300000000000864, 0.353999999999985, 0.35499999999998977, 0.35599999999999454, 0.3569999999999993, 0.3580000000000041, 0.35900000000000887, 0.3599999999999852, 0.36099999999999, 0.36199999999999477, 0.36299999999999955, 0.3640000000000043, 0.3650000000000091, 0.38800000000000523, 0.41200000000000614, 0.4350000000000023, 0.4749999999999943, 0.5169999999999959, 0.5579999999999927, 0.5819999999999936, 0.6260000000000048, 0.6459999999999866, 0.6910000000000025, 0.7179999999999893, 0.7439999999999998, 0.7700000000000102, 0.7959999999999923],
        [0.0, 0.0010000000000047748, 0.001999999999981128, 0.025000000000005684, 0.025999999999982037, 0.026999999999986812, 0.05099999999998772, 0.11299999999999955, 0.132000000000005, 0.15000000000000568, 0.19499999999999318, 0.22100000000000364, 0.24799999999999045, 0.2750000000000057, 0.2769999999999868, 0.2779999999999916, 0.27899999999999636, 0.3059999999999832, 0.33199999999999363, 0.3569999999999993, 0.38399999999998613, 0.4000000000000057, 0.4329999999999927, 0.47700000000000387, 0.49799999999999045, 0.5379999999999825, 0.5579999999999927, 0.561000000000007, 0.5879999999999939, 0.6119999999999948],
        [0.0, 0.0030000000000001137, 0.0040000000000048885, 0.016000000000005343, 0.045000000000001705, 0.08200000000000784, 0.15000000000000568, 0.18300000000000693, 0.25900000000000034, 0.2909999999999968, 0.35599999999999454, 0.39100000000000534, 0.4270000000000067, 0.46999999999999886, 0.47400000000000375, 0.47700000000000387, 0.4819999999999993, 0.4830000000000041, 0.48799999999999955, 0.4899999999999949, 0.492999999999995, 0.4969999999999999, 0.5, 0.5040000000000049, 0.5049999999999955, 0.5090000000000003, 0.5120000000000005, 0.5150000000000006, 0.5180000000000007, 0.5210000000000008, 0.5229999999999961, 0.5289999999999964, 0.5889999999999986, 0.6239999999999952, 0.6569999999999965, 0.7259999999999991, 0.7600000000000051, 0.8310000000000031, 0.8509999999999991, 0.8539999999999992, 0.855000000000004, 0.8569999999999993]
    ]
}