{
    "minuteRes": 1,
    "data": [
        [0.0, 0.0010000000000047748, 0.001999999999995339, 0.0030000000000001137, 0.0040000000000048885, 0.0049999999999954525, 0.006000000000000227, 0.007000000000005002, 0.007999999999995566, 0.01300000000000523, 0.016000000000005343, 0.018000000000000682, 0.022999999999996135, 0.025000000000005684, 0.028999999999996362, 0.03100000000000591, 0.03300000000000125, 0.0379999999999967, 0.04000000000000625, 0.04399999999999693, 0.046999999999997044, 0.05100000000000193, 0.05299999999999727, 0.055999999999997385, 0.060000000000002274, 0.06300000000000239, 0.0660000000000025, 0.06799999999999784, 0.0799999999999983, 0.08200000000000784, 0.0870000000000033, 0.09000000000000341, 0.09199999999999875, 0.09700000000000841, 0.09900000000000375, 0.10300000000000864, 0.10600000000000875, 0.10999999999999943, 0.11199999999999477, 0.11400000000000432, 0.117999999999995, 0.12199999999999989, 0.12399999999999523, 0.1280000000000001, 0.12999999999999545, 0.132000000000005, 0.13800000000000523, 0.16100000000000136, 0.23199999999999932, 0.257000000000005, 0.2669999999999959, 0.2680000000000007, 0.26900000000000546, 0.269999999999996, 0.2710000000000008, 0.27200000000000557, 0.27299999999999613, 0.2740000000000009, 0.2750000000000057, 0.27599999999999625, 0.277000000000001],
        [0.0, 0.0010000000000047748, 0.0040000000000048885, 0.006000000000000227, 0.01099999999999568, 0.01300000000000523, 0.019000000000005457, 0.021000000000000796, 0.022999999999996135, 0.027000000000001023, 0.028999999999996362, 0.034000000000006025, 0.036000000000001364, 0.04099999999999682, 0.043000000000006366, 0.04800000000000182, 0.04999999999999716, 0.05499999999999261, 0.05700000000000216, 0.06099999999999284, 0.06300000000000239, 0.07099999999999795, 0.07699999999999818, 0.0799999999999983, 0.08499999999999375, 0.0870000000000033, 0.09099999999999397, 0.09399999999999409, 0.09799999999999898, 0.09999999999999432, 0.10200000000000387, 0.10599999999999454, 0.10800000000000409, 0.1110000000000042, 0.11299999999999955, 0.117999999999995, 0.12000000000000455, 0.12399999999999523, 0.12600000000000477, 0.1280000000000001, 0.12999999999999545, 0.17399999999999238, 0.2120000000000033, 0.24399999999999977, 0.26200000000000045, 0.2639999999999958, 0.26500000000000057, 0.26600000000000534],
        [0.0, 0.0010000000000047748, 0.001999999999995339, 0.006000000000000227, 0.007999999999995566, 0.01300000000000523, 0.015000000000000568, 0.019000000000005457, 0.02200000000000557, 0.02400000000000091, 0.028000000000005798, 0.03100000000000591, 0.03499999999999659, 0.0379999999999967, 0.04099999999999682, 0.045000000000001705, 0.04800000000000182, 0.05299999999999727, 0.05500000000000682, 0.060000000000002274, 0.06199999999999761, 0.06300000000000239, 0.08499999999999375, 0.12000000000000455, 0.18999999999999773, 0.20699999999999363, 0.20999999999999375, 0.2150000000000034, 0.21699999999999875, 0.2219999999999942, 0.22400000000000375, 0.2289999999999992, 0.23099999999999454, 0.23499999999999943, 0.23900000000000432, 0.24099999999999966, 0.24399999999999977, 0.2469999999999999, 0.25, 0.2540000000000049, 0.257000000000005, 0.25900000000000034, 0.2609999999999957, 0.27899999999999636, 0.29399999999999693, 0.36299999999999955, 0.3990000000000009, 0.4519999999999982, 0.45600000000000307, 0.45699999999999363, 0.4579999999999984, 0.4590000000000032, 0.45999999999999375],
        [0.0, 0.0009999999999976694, 0.0020000000000024443, 0.0030000000000001137, 0.003999999999997783, 0.005000000000002558, 0.01899999999999835, 0.06199999999999761, 0.0899999999999963, 0.11899999999999977, 0.14699999999999847, 0.17600000000000193, 0.2049999999999983, 0.232999999999997, 0.26200000000000045, 0.28999999999999915, 0.3190000000000026, 0.347999999999999, 0.34899999999999665, 0.3500000000000014, 0.3509999999999991, 0.35199999999999676, 0.35300000000000153, 0.3539999999999992, 0.3549999999999969, 0.35600000000000165, 0.3569999999999993, 0.357999999999997, 0.35900000000000176, 0.35999999999999943, 0.3609999999999971, 0.3620000000000019, 0.36299999999999955, 0.3639999999999972, 0.365000000000002, 0.36599999999999966, 0.36699999999999733, 0.3680000000000021, 0.3689999999999998, 0.36999999999999744, 0.3710000000000022, 0.3719999999999999, 0.37299999999999756, 0.37400000000000233, 0.375, 0.37599999999999767, 0.37700000000000244, 0.3780000000000001, 0.3789999999999978, 0.38000000000000256, 0.3810000000000002],
        [0.0, 0.0009999999999763531, 0.001999999999981128, 0.002999999999985903, 0.003999999999990678, 0.0049999999999954525, 0.03799999999998249, 0.06999999999999318, 0.10199999999997544, 0.1349999999999909, 0.1670000000000016, 0.21599999999997976, 0.23199999999999932, 0.24799999999999045, 0.26499999999998636, 0.26599999999999113, 0.2669999999999959, 0.2680000000000007, 0.26899999999997704, 0.2699999999999818, 0.2709999999999866, 0.27199999999999136, 0.27299999999999613, 0.2740000000000009, 0.27499999999997726, 0.27599999999998204, 0.2769999999999868, 0.2779999999999916, 0.27899999999999636, 0.28000000000000114, 0.28199999999998226, 0.28299999999998704, 0.2839999999999918, 0.2849999999999966, 0.28600000000000136, 0.2869999999999777, 0.2879999999999825, 0.28899999999998727, 0.28999999999999204, 0.2909999999999968, 0.2920000000000016, 0.29299999999997794, 0.2939999999999827, 0.2949999999999875, 0.29599999999999227, 0.29699999999999704, 0.2980000000000018, 0.29899999999997817, 0.29999999999998295, 0.3009999999999877, 0.3019999999999925, 0.30299999999999727, 0.30400000000000205, 0.3049999999999784, 0.3059999999999832, 0.30699999999998795, 0.3079999999999927, 0.3089999999999975, 0.3100000000000023, 0.3109999999999786, 0.3119999999999834, 0.3129999999999882, 0.31399999999999295, 0.3149999999999977, 0.3160000000000025, 0.31699999999997885, 0.31799999999998363, 0.3189999999999884, 0.3199999999999932, 0.32099999999999795, 0.32200000000000273, 0.3229999999999791, 0.32399999999998386, 0.32499999999998863, 0.3259999999999934, 0.3269999999999982, 0.32800000000000296],
        [0.0, 0.0009999999999763531, 0.001999999999981128, 0.002999999999985903, 0.003999999999990678, 0.0049999999999954525, 0.026999999999986812, 0.04800000000000182, 0.0689999999999884, 0.08999999999997499, 0.1379999999999768, 0.16499999999999204, 0.1910000000000025, 0.2179999999999893, 0.26599999999999113, 0.2869999999999777, 0.3089999999999975, 0.3100000000000023, 0.3109999999999786, 0.3119999999999834, 0.3129999999999882, 0.31399999999999295, 0.3149999999999977, 0.3160000000000025, 0.31699999999997885, 0.31799999999998363, 0.3189999999999884, 0.3199999999999932, 0.32099999999999795, 0.3219999999999743, 0.3229999999999791, 0.32399999999998386, 0.32499999999998863, 0.3259999999999934, 0.3269999999999982, 0.32799999999997453, 0.3289999999999793, 0.3299999999999841, 0.33099999999998886, 0.33199999999999363, 0.3329999999999984, 0.33399999999997476, 0.33499999999997954, 0.3359999999999843, 0.3369999999999891, 0.33799999999999386, 0.33899999999999864, 0.339999999999975, 0.34099999999997976, 0.34199999999998454, 0.3429999999999893, 0.3439999999999941, 0.3459999999999752, 0.34699999999998, 0.34799999999998477, 0.34899999999998954, 0.3499999999999943, 0.35199999999997544, 0.3529999999999802, 0.353999999999985, 0.35499999999998977, 0.35599999999999454, 0.3569999999999993, 0.35799999999997567, 0.35899999999998045, 0.3599999999999852, 0.36099999999999, 0.36199999999999477, 0.36299999999999955, 0.3639999999999759, 0.3649999999999807, 0.36599999999998545, 0.3669999999999902, 0.367999999999995, 0.3689999999999998, 0.3699999999999761],
