{
    "minuteRes": 1,
    "data": [
        [0.0, 0.0009999999999763531, 0.0019999999999527063, 0.029999999999972715, 0.06099999999992178, 0.08999999999991815, 0.12199999999995725, 0.15199999999992997, 0.18199999999990268, 0.2139999999999418, 0.24500000000000455, 0.2759999999999536, 0.3039999999999736, 0.3369999999999891, 0.3669999999999618, 0.3990000000000009, 0.42799999999999727, 0.4379999999999882, 0.43899999999996453, 0.4399999999999409, 0.44099999999991724, 0.4419999999998936],
        [0.0, 0.012000000000057298, 0.047000000000025466, 0.08000000000004093, 0.11599999999998545, 0.13600000000008095, 0.1570000000000391, 0.15800000000001546, 0.15899999999999181, 0.16000000000008185, 0.1610000000000582, 0.16200000000003456, 0.16300000000001091, 0.16899999999998272],
        [0.0, 0.0009999999999763531, 0.006999999999948159, 0.03899999999998727, 0.06999999999993634, 0.10599999999999454, 0.1349999999999909, 0.16699999999991633, 0.17699999999990723, 0.17799999999999727, 0.17899999999997362, 0.17999999999994998, 0.18099999999992633, 0.18199999999990268, 0.18299999999999272, 0.18399999999996908, 0.18499999999994543, 0.18599999999992178, 0.18700000000001182, 0.18799999999998818, 0.18899999999996453, 0.18999999999994088, 0.19099999999991724, 0.19200000000000728, 0.19299999999998363, 0.19399999999995998, 0.19499999999993634, 0.1959999999999127, 0.19700000000000273],
        [0.0, 0.00100000000009004, 0.030000000000086402, 0.05299999999999727, 0.08199999999999363, 0.10099999999999909, 0.1330000000000382, 0.14800000000002456, 0.1490000000000009, 0.15000000000009095, 0.1510000000000673, 0.15300000000002, 0.15399999999999636, 0.1550000000000864, 0.1570000000000391, 0.15800000000001546, 0.15899999999999181, 0.16000000000008185],
        [0.0, 0.0009999999999763531, 0.016999999999939064, 0.04899999999997817, 0.08299999999996999, 0.0989999999999327, 0.1369999999999436, 0.16399999999998727, 0.19399999999995998, 0.22499999999990905, 0.26099999999996726, 0.2959999999999354, 0.30599999999992633, 0.33399999999994634, 0.3349999999999227, 0.33599999999989905, 0.3369999999999891, 0.3389999999999418],
        [0.0, 0.0009999999999763531, 0.0019999999999527063, 0.009000000000014552, 0.04399999999998272, 0.07399999999995543, 0.10799999999994725, 0.13999999999998636, 0.1710000000000491, 0.17200000000002547, 0.17300000000000182, 0.17399999999997817, 0.17499999999995453, 0.17600000000004457, 0.17700000000002092, 0.17799999999999727, 0.17899999999997362, 0.17999999999994998, 0.18100000000004002, 0.18200000000001637, 0.18299999999999272, 0.18399999999996908, 0.18499999999994543, 0.18600000000003547, 0.18700000000001182, 0.18799999999998818, 0.18899999999996453, 0.18999999999994088, 0.19100000000003092, 0.19200000000000728, 0.19299999999998363, 0.19399999999995998, 0.19500000000005002, 0.19799999999997908],
        [0.0, 0.0009999999999763531, 0.029999999999972715, 0.06799999999998363, 0.10399999999992815, 0.12799999999992906, 0.16199999999992087, 0.17799999999999727, 0.20699999999999363, 0.23599999999999, 0.24099999999998545, 0.2419999999999618, 0.24299999999993815, 0.2439999999999145, 0.24499999999989086, 0.2459999999999809, 0.2479999999999336, 0.2539999999999054],
        [0.0, 0.009999999999990905, 0.043000000000006366, 0.07399999999995543, 0.1029999999999518, 0.13599999999996726, 0.16699999999991633, 0.1959999999999127, 0.22699999999997544, 0.2599999999999909, 0.28899999999998727],
        [0.0, 0.0009999999999763531, 0.0019999999999527063, 0.019000000000005457, 0.05199999999990723, 0.08299999999996999, 0.1150000000000091, 0.14699999999993452, 0.18099999999992633, 0.19299999999998363, 0.19399999999995998, 0.19499999999993634, 0.1959999999999127, 0.19700000000000273, 0.19799999999997908, 0.19899999999995543, 0.1999999999999318, 0.20099999999990814, 0.20199999999999818, 0.20299999999997453, 0.2039999999999509, 0.20499999999992724, 0.2059999999999036, 0.20699999999999363, 0.20799999999997, 0.20899999999994634],
        [0.0, 0.0010000000000047748, 0.028000000000005798, 0.06100000000000705, 0.09399999999999409, 0.12699999999999534, 0.1599999999999966, 0.18900000000000716, 0.1950000000000074, 0.22799999999999443, 0.2609999999999957, 0.2950000000000017, 0.32800000000000296, 0.3610000000000042, 0.39000000000000057, 0.4060000000000059, 0.4069999999999965, 0.40800000000000125, 0.409000000000006, 0.4099999999999966, 0.41200000000000614, 0.4129999999999967, 0.4140000000000015, 0.41500000000000625, 0.4159999999999968, 0.4170000000000016, 0.41800000000000637],
        [0.0, 0.018000000000000682, 0.04999999999999716, 0.08299999999999841, 0.11699999999999022, 0.14999999999999147, 0.1839999999999975, 0.21099999999999852, 0.2179999999999893, 0.25199999999999534, 0.2839999999999918, 0.31799999999999784, 0.35199999999998965, 0.38400000000000034, 0.4170000000000016, 0.43899999999999295, 0.4399999999999977],
        [0.0, 0.01099999999999568, 0.044999999999987494, 0.07899999999997931, 0.11299999999999955, 0.14599999999998658, 0.18000000000000682, 0.21299999999999386, 0.21399999999999864, 0.21599999999997976, 0.2510000000000048, 0.2849999999999966, 0.3170000000000073, 0.3509999999999991, 0.38800000000000523, 0.3889999999999816, 0.39099999999999113, 0.3919999999999959, 0.3930000000000007, 0.39400000000000546, 0.3949999999999818, 0.3959999999999866, 0.39699999999999136, 0.3990000000000009, 0.4000000000000057, 0.40099999999998204, 0.4019999999999868, 0.4029999999999916, 0.40500000000000114],
        [0.0, 0.0010000000000047748, 0.022999999999996135, 0.05299999999999727, 0.08699999999998909, 0.12100000000000932, 0.1560000000000059, 0.18000000000000682, 0.1810000000000116, 0.19200000000000728, 0.228999999999985, 0.2609999999999957, 0.29400000000001114, 0.3299999999999841, 0.35900000000000887, 0.3599999999999852, 0.3849999999999909, 0.4070000000000107, 0.40799999999998704, 0.4089999999999918, 0.4099999999999966],
        [0.0, 0.0010000000000047748, 0.03100000000000591, 0.06100000000000705, 0.09600000000000364, 0.12100000000000932, 0.12199999999998568, 0.12299999999999045, 0.12399999999999523, 0.125, 0.12600000000000477, 0.15000000000000568, 0.17500000000001137, 0.17599999999998772, 0.1769999999999925, 0.17799999999999727, 0.17900000000000205, 0.18000000000000682, 0.1810000000000116, 0.18199999999998795, 0.18299999999999272, 0.18500000000000227, 0.18600000000000705, 0.1910000000000025, 0.19599999999999795],
        [0.0, 0.015999999999991132, 0.04899999999997817, 0.08299999999999841, 0.11699999999999022, 0.15099999999998204, 0.1839999999999975, 0.2179999999999893, 0.25199999999998113, 0.28299999999998704, 0.2839999999999918, 0.2879999999999825, 0.3229999999999791, 0.3569999999999993, 0.39099999999999113, 0.40699999999998226, 0.40799999999998704, 0.4089999999999918, 0.4099999999999966, 0.41099999999997294, 0.4119999999999777, 0.4129999999999825, 0.41399999999998727, 0.41499999999999204, 0.4159999999999968],
        [0.0, 0.0010000000000047748, 0.015999999999991132, 0.046999999999997044, 0.08100000000001728, 0.11400000000000432, 0.14799999999999613, 0.18000000000000682, 0.20900000000000318, 0.21600000000000819, 0.25499999999999545, 0.28300000000001546, 0.3149999999999977, 0.3499999999999943, 0.3830000000000098, 0.4140000000000157, 0.41499999999999204, 0.4159999999999968, 0.4170000000000016, 0.41800000000000637, 0.41900000000001114, 0.42099999999999227, 0.42199999999999704, 0.4230000000000018, 0.4240000000000066, 0.42500000000001137, 0.42600000000001614, 0.42799999999999727],
        [0.0, 0.013999999999981583, 0.04599999999999227, 0.07999999999998408, 0.11199999999999477, 0.1449999999999818, 0.17799999999999727, 0.21199999999998909, 0.24499999999997613, 0.27599999999998204, 0.2809999999999775, 0.3149999999999977, 0.3499999999999943, 0.38299999999998136, 0.39399999999997704, 0.3949999999999818, 0.39699999999999136, 0.39799999999999613, 0.3989999999999725, 0.40099999999998204, 0.4019999999999868],
